URL,Dummy Keywords Found,Total Dummy Count,Matched Keywords,GPT Feedback
https://dev.creativerunr.com/se/ios-app-development-services/,No,0,None,There are no signs of placeholder or dummy content in the provided web content. All the information seems to be relevant and properly filled out.
https://dev.creativerunr.com/se/flutter-app-development-company/,No,0,None,There are no signs of placeholder or dummy content in the provided web content. Everything seems to be in place and makes sense in the context.
https://dev.creativerunr.com/se/android-app-development-services/,No,0,None,"There are no signs of placeholder or dummy content in the provided web content. All information appear to be specific and relevant to the topic, which is about an Android app development company and its services."
https://dev.creativerunr.com/se/react-native-app-development-services/,No,0,None,There are no signs of placeholder or dummy content in the provided web content. All the information presented seems to be relevant and intended for its purpose.
https://dev.creativerunr.com/se/mern-stack-development-services/,No,0,None,There are no signs of placeholder or dummy content in the provided web content. All the information seems specific and relevant to a MERN Stack Development Agency.
https://dev.creativerunr.com/se/search-engine-optimization-services/,No,0,None,"There are no signs of placeholder or dummy content in the provided web content. All the information seems to be relevant to the services of a Search Engine Optimization (SEO) agency and does not contain any generic, non-specific, or irrelevant texts."
https://dev.creativerunr.com/se/social-media-marketing-services/,No,0,None,The content provided does not contain placeholder or dummy content. It is properly constructed with details about a social media marketing agency's services in Swedish.
https://dev.creativerunr.com/se/content-marketing-services/,No,0,None,There are no signs of placeholder or dummy content in the provided text. It seems to be properly filled with relevant information.
https://dev.creativerunr.com/se/pay-per-click-advertising/,No,0,None,"The provided web content appears genuine and does not seem to contain any placeholder or dummy content. It comprehensively details PPC (Pay Per Click) advertising services in Swedish language, and includes significant details like campaign strategy, ad creation, keyword research, bid management, performance tracking, A/B testing, portfolio, benefits of pay-per-click advertising, etc."
https://dev.creativerunr.com/se/app-store-optimization-services/,No,0,None,"There are no signs of placeholder or dummy content in the provided web content. All the information given appears to be relevant and specific, not generic or meant to be replaced at a later time."
https://dev.creativerunr.com/se/email-marketing-services/,No,0,None,There are no signs of placeholder or dummy content in the provided text. It appears to be fully fleshed out and relevant to an email marketing agency's website.
https://dev.creativerunr.com/se/ecommerce-website-development-services/,No,0,None,There doesn't appear to be any placeholder or dummy content in the given text. All the information seems to pertain to a specific e-commerce website development company along with the services they offer.
https://dev.creativerunr.com/se/ecommerce-app-development-company/,No,0,None,The provided web content does not seem to contain any placeholder or dummy content. All information appears specific and relevant to an e-commerce app development company named Creative Runr based in Sweden.
https://dev.creativerunr.com/se/headless-commerce-development-services/,No,0,None,There is no detectable placeholder or dummy content in this text. All the information provided seem sensible and relevant to the context of a commerce development company. The case studies and portfolio listings also appear to be actual references and not placeholders.
https://dev.creativerunr.com/se/shopify-development-services/,No,0,None,"The web content doesn't appear to have any placeholder or dummy content. All text is relevant and meaningful, related to describing the services offered by a Shopify web design company."
https://dev.creativerunr.com/se/magento-development-services/,No,0,None,There are no signs of placeholder or dummy content in the provided web content. All information appears to be specific and relevant to the Magento development services offered by the company CreativeRunr.
https://dev.creativerunr.com/se/wordpress-development-services/,No,0,None,The text does not seem to have any placeholder or dummy content. All provided information is relevant to the topic of the WordPress web development company's services.
https://dev.creativerunr.com/se/woo-commerce-development-services/,No,0,None,"The text does not contain any placeholder or dummy content. All the information provided is relevant, complete, and in context."
https://dev.creativerunr.com/se/migration-services-provider-company/,No,0,None,The provided web content doesn't seem to contain placeholder or dummy content. The content is coherent and relevant to e-commerce migration services which is the website's intended subject.
https://dev.creativerunr.com/se/nop-commerce-development-services/,No,0,None,There are no signs of placeholder or dummy content in the provided web content. All the information appears to be valid and relevant to the topic of NopCommerce development services.
https://dev.creativerunr.com/se/iot-solution-development-company/,No,0,None,There are no signs of any placeholder or dummy content in the provided website content. Everything appears to be meaningful and fits within the context of a company offering IoT solutions.
https://dev.creativerunr.com/se/ai-solution-development/,No,0,None,"There aren't clear signs of placeholder or dummy content in the provided text. Everything seems to be detailed and specific, mentioning specific services, benefits, case studies and portfolio items with suitable description for each."
https://dev.creativerunr.com/se/machin-learning-development-services/,No,0,None,"There are no signs of placeholder or dummy content in the provided web content. All information seems relevant and specific to the business, which is providing machine learning development services. The content is informative and professional, offering an explanation of the company's services and describing their benefits."
https://dev.creativerunr.com/se/chatbot-development-services/,No,0,None,"There is no indication of placeholder or dummy content in this text. The information provided matches the context of a company offering chatbot development services, and there's no generic or non-specific text used that would typically indicate placeholder or dummy content."
https://dev.creativerunr.com/se/nlp-software-development-services/,No,0,None,There doesn't appear to be any placeholder or dummy content in the provided text. All the lines are making sense and giving relevant information about a company providing NLP software development services.
https://dev.creativerunr.com/se/marketing-collateral-design-services/,No,0,None,There are no signs of placeholder or dummy content in the provided text. All of it seems relevant and fitting to a company offering design services for marketing materials.
https://dev.creativerunr.com/se/responsive-website-design-company/,No,0,None,No signs of placeholder or dummy content are detected in the provided web content. All information appears to pertain to the responsive web design services of a company called 'Creative Runr'.
https://dev.creativerunr.com/se/mobile-ui-ux-design-services/,No,0,None,There doesn't seem to be any placeholder or dummy content in the provided web content. All the text appears to be relevant and specific to the topic of mobile UI/UX design services.
https://dev.creativerunr.com/se/bootstrap-development-services/,No,0,None,"The provided web content doesn't appear to have any placeholder or dummy content. All information seems relevant and meaningful, not generic or waiting to be replaced."
https://dev.creativerunr.com/se/headless-cms/,No,0,None,The provided web content doesn't seem to contain any placeholder or dummy content. All the information given points to a company's specific features and services related to headless CMS development.
https://dev.creativerunr.com/se/web-maintainence-and-support/,No,0,None,"The content provided does not contain any obvious signs of placeholder or dummy content. All sections seem to deliver specific and comprehensive information about the supposed business. Nothing suggests that it is only a placeholder or dummy content. The actual service, their advantages, case studies, and the variety of service provisions are all expressed clearly."
https://dev.creativerunr.com/se/webflow-development-services/,No,0,None,"There doesn't appear to be any placeholder or dummy content in the provided web content. All the content is relevant to the theme of the page, which appears to be on the topic of Webflow development services."
https://dev.creativerunr.com/se/custom-cms-website-development-company/,No,0,None,There are no signs of placeholder or dummy content in the provided web content. All the information appears to be relevant and specific to the topic of customized CMS development services.
https://dev.creativerunr.com/se/theme-based-website-development/,No,0,None,There's no placeholder or dummy content detected in the provided web content. Everything appears to be relevant and specific to the website's theme and services.
