https://www.replacebase.co.uk/V1/store/storeViews,postman_desktop_screenshots\screenshot_www.replacebase.co.uk_V1_store_storeViews_20250414_182525.png
https://www.replacebase.co.uk/V1/store/storeGroups,postman_desktop_screenshots\screenshot_www.replacebase.co.uk_V1_store_storeGroups_20250414_182525.png
https://www.replacebase.co.uk/V1/store/websites,postman_desktop_screenshots\screenshot_www.replacebase.co.uk_V1_store_websites_20250414_182525.png
https://www.replacebase.co.uk/V1/store/storeConfigs,postman_desktop_screenshots\screenshot_www.replacebase.co.uk_V1_store_storeConfigs_20250414_182525.png
https://www.replacebase.co.uk/V1/orders/:id,postman_desktop_screenshots\screenshot_www.replacebase.co.uk_V1_orders_:id_20250414_182525.png
https://www.replacebase.co.uk/V1/orders,postman_desktop_screenshots\screenshot_www.replacebase.co.uk_V1_orders_20250414_182525.png
https://www.replacebase.co.uk/V1/orders/:id/statuses,postman_desktop_screenshots\screenshot_www.replacebase.co.uk_V1_orders_:id_statuses_20250414_182525.png
https://www.replacebase.co.uk/V1/orders/:id/cancel,postman_desktop_screenshots\screenshot_www.replacebase.co.uk_V1_orders_:id_cancel_20250414_182526.png
https://www.replacebase.co.uk/V1/orders/:id/emails,postman_desktop_screenshots\screenshot_www.replacebase.co.uk_V1_orders_:id_emails_20250414_182526.png
https://www.replacebase.co.uk/V1/orders/:id/hold,postman_desktop_screenshots\screenshot_www.replacebase.co.uk_V1_orders_:id_hold_20250414_182526.png
https://www.replacebase.co.uk/V1/orders/:id/unhold,postman_desktop_screenshots\screenshot_www.replacebase.co.uk_V1_orders_:id_unhold_20250414_182526.png
https://www.replacebase.co.uk/V1/orders/:id/comments,postman_desktop_screenshots\screenshot_www.replacebase.co.uk_V1_orders_:id_comments_20250414_182526.png
https://www.replacebase.co.uk/V1/orders/create,postman_desktop_screenshots\screenshot_www.replacebase.co.uk_V1_orders_create_20250414_182526.png
https://www.replacebase.co.uk/V1/orders/:parent_id,postman_desktop_screenshots\screenshot_www.replacebase.co.uk_V1_orders_:parent_id_20250414_182526.png
https://www.replacebase.co.uk/V1/orders/items/:id,postman_desktop_screenshots\screenshot_www.replacebase.co.uk_V1_orders_items_:id_20250414_182526.png
https://www.replacebase.co.uk/V1/orders/items,postman_desktop_screenshots\screenshot_www.replacebase.co.uk_V1_orders_items_20250414_182526.png
https://www.replacebase.co.uk/V1/invoices/:id,postman_desktop_screenshots\screenshot_www.replacebase.co.uk_V1_invoices_:id_20250414_182526.png
https://www.replacebase.co.uk/V1/invoices,postman_desktop_screenshots\screenshot_www.replacebase.co.uk_V1_invoices_20250414_182527.png
https://www.replacebase.co.uk/V1/invoices/:id/comments,postman_desktop_screenshots\screenshot_www.replacebase.co.uk_V1_invoices_:id_comments_20250414_182527.png
https://www.replacebase.co.uk/V1/invoices/:id/emails,postman_desktop_screenshots\screenshot_www.replacebase.co.uk_V1_invoices_:id_emails_20250414_182527.png
https://www.replacebase.co.uk/V1/invoices/:id/void,postman_desktop_screenshots\screenshot_www.replacebase.co.uk_V1_invoices_:id_void_20250414_182527.png
https://www.replacebase.co.uk/V1/invoices/:id/capture,postman_desktop_screenshots\screenshot_www.replacebase.co.uk_V1_invoices_:id_capture_20250414_182527.png
https://www.replacebase.co.uk/V1/invoices/comments,postman_desktop_screenshots\screenshot_www.replacebase.co.uk_V1_invoices_comments_20250414_182527.png
https://www.replacebase.co.uk/V1/invoice/:invoiceId/refund,postman_desktop_screenshots\screenshot_www.replacebase.co.uk_V1_invoice_:invoiceId_refund_20250414_182527.png
https://www.replacebase.co.uk/V1/creditmemo/:id/comments,postman_desktop_screenshots\screenshot_www.replacebase.co.uk_V1_creditmemo_:id_comments_20250414_182527.png
https://www.replacebase.co.uk/V1/creditmemos,postman_desktop_screenshots\screenshot_www.replacebase.co.uk_V1_creditmemos_20250414_182527.png
https://www.replacebase.co.uk/V1/creditmemo/:id,postman_desktop_screenshots\screenshot_www.replacebase.co.uk_V1_creditmemo_:id_20250414_182528.png
https://www.replacebase.co.uk/V1/creditmemo/:id/emails,postman_desktop_screenshots\screenshot_www.replacebase.co.uk_V1_creditmemo_:id_emails_20250414_182528.png
https://www.replacebase.co.uk/V1/creditmemo/refund,postman_desktop_screenshots\screenshot_www.replacebase.co.uk_V1_creditmemo_refund_20250414_182528.png
https://www.replacebase.co.uk/V1/order/:orderId/refund,postman_desktop_screenshots\screenshot_www.replacebase.co.uk_V1_order_:orderId_refund_20250414_182528.png
https://www.replacebase.co.uk/V1/shipment/:id,postman_desktop_screenshots\screenshot_www.replacebase.co.uk_V1_shipment_:id_20250414_182528.png
https://www.replacebase.co.uk/V1/shipments,postman_desktop_screenshots\screenshot_www.replacebase.co.uk_V1_shipments_20250414_182528.png
https://www.replacebase.co.uk/V1/shipment/:id/comments,postman_desktop_screenshots\screenshot_www.replacebase.co.uk_V1_shipment_:id_comments_20250414_182528.png
https://www.replacebase.co.uk/V1/shipment/:id/emails,postman_desktop_screenshots\screenshot_www.replacebase.co.uk_V1_shipment_:id_emails_20250414_182528.png
https://www.replacebase.co.uk/V1/shipment/track,postman_desktop_screenshots\screenshot_www.replacebase.co.uk_V1_shipment_track_20250414_182529.png
https://www.replacebase.co.uk/V1/shipment/track/:id,postman_desktop_screenshots\screenshot_www.replacebase.co.uk_V1_shipment_track_:id_20250414_182529.png
https://www.replacebase.co.uk/V1/shipment/:id/label,postman_desktop_screenshots\screenshot_www.replacebase.co.uk_V1_shipment_:id_label_20250414_182529.png
https://www.replacebase.co.uk/V1/order/:orderId/ship,postman_desktop_screenshots\screenshot_www.replacebase.co.uk_V1_order_:orderId_ship_20250414_182529.png
https://www.replacebase.co.uk/V1/transactions/:id,postman_desktop_screenshots\screenshot_www.replacebase.co.uk_V1_transactions_:id_20250414_182529.png
https://www.replacebase.co.uk/V1/transactions,postman_desktop_screenshots\screenshot_www.replacebase.co.uk_V1_transactions_20250414_182529.png
https://www.replacebase.co.uk/V1/order/:orderId/invoice,postman_desktop_screenshots\screenshot_www.replacebase.co.uk_V1_order_:orderId_invoice_20250414_182529.png
https://www.replacebase.co.uk/V1/taxRates,postman_desktop_screenshots\screenshot_www.replacebase.co.uk_V1_taxRates_20250414_182529.png
https://www.replacebase.co.uk/V1/taxRates/:rateId,postman_desktop_screenshots\screenshot_www.replacebase.co.uk_V1_taxRates_:rateId_20250414_182529.png
https://www.replacebase.co.uk/V1/taxRates/search,postman_desktop_screenshots\screenshot_www.replacebase.co.uk_V1_taxRates_search_20250414_182529.png
https://www.replacebase.co.uk/V1/store/storeViews,postman_desktop_screenshots\screenshot_www.replacebase.co.uk_V1_store_storeViews_20250414_182925.png
https://www.replacebase.co.uk/V1/store/storeGroups,postman_desktop_screenshots\screenshot_www.replacebase.co.uk_V1_store_storeGroups_20250414_182926.png
https://www.replacebase.co.uk/V1/store/websites,postman_desktop_screenshots\screenshot_www.replacebase.co.uk_V1_store_websites_20250414_182927.png
https://www.replacebase.co.uk/V1/store/storeConfigs,postman_desktop_screenshots\screenshot_www.replacebase.co.uk_V1_store_storeConfigs_20250414_182928.png
https://www.replacebase.co.uk/V1/orders/:id,postman_desktop_screenshots\screenshot_www.replacebase.co.uk_V1_orders_:id_20250414_182930.png
https://www.replacebase.co.uk/V1/store/storeViews,postman_desktop_screenshots\screenshot_www.replacebase.co.uk_V1_store_storeViews_20250414_183218.png
https://www.replacebase.co.uk/V1/store/storeGroups,postman_desktop_screenshots\screenshot_www.replacebase.co.uk_V1_store_storeGroups_20250414_183220.png
https://www.replacebase.co.uk/V1/store/websites,postman_desktop_screenshots\screenshot_www.replacebase.co.uk_V1_store_websites_20250414_183222.png
https://www.replacebase.co.uk/V1/store/storeConfigs,postman_desktop_screenshots\screenshot_www.replacebase.co.uk_V1_store_storeConfigs_20250414_183224.png
https://www.replacebase.co.uk/V1/orders/:id,postman_desktop_screenshots\screenshot_www.replacebase.co.uk_V1_orders_:id_20250414_183227.png
https://www.replacebase.co.uk/V1/orders,postman_desktop_screenshots\screenshot_www.replacebase.co.uk_V1_orders_20250414_183229.png
https://www.replacebase.co.uk/V1/orders/:id/statuses,postman_desktop_screenshots\screenshot_www.replacebase.co.uk_V1_orders_:id_statuses_20250414_183231.png
https://www.replacebase.co.uk/V1/orders/:id/cancel,postman_desktop_screenshots\screenshot_www.replacebase.co.uk_V1_orders_:id_cancel_20250414_183233.png
https://www.replacebase.co.uk/V1/orders/:id/emails,postman_desktop_screenshots\screenshot_www.replacebase.co.uk_V1_orders_:id_emails_20250414_183236.png
https://www.replacebase.co.uk/V1/orders/:id/hold,postman_desktop_screenshots\screenshot_www.replacebase.co.uk_V1_orders_:id_hold_20250414_183238.png
https://www.replacebase.co.uk/V1/orders/:id/unhold,postman_desktop_screenshots\screenshot_www.replacebase.co.uk_V1_orders_:id_unhold_20250414_183240.png
https://www.replacebase.co.uk/V1/orders/:id/comments,postman_desktop_screenshots\screenshot_www.replacebase.co.uk_V1_orders_:id_comments_20250414_183242.png
https://www.replacebase.co.uk/V1/orders/create,postman_desktop_screenshots\screenshot_www.replacebase.co.uk_V1_orders_create_20250414_183245.png
https://www.replacebase.co.uk/V1/orders/:parent_id,postman_desktop_screenshots\screenshot_www.replacebase.co.uk_V1_orders_:parent_id_20250414_183247.png
https://www.replacebase.co.uk/V1/orders/items/:id,postman_desktop_screenshots\screenshot_www.replacebase.co.uk_V1_orders_items_:id_20250414_183249.png
